instance_id;value;time
ID_0;0.0;0.0009136199951171875
ID_1;0.0;0.0009777545928955078
IC_0;0.2261904761904762;0.0037314891815185547
IC_1;0.22321428571428573;0.003093719482421875
Urn_0;0.32217261904761907;0.0010437965393066406
Urn_1;0.29092261904761907;0.0024785995483398438
Mallows_0;0.038690476190476185;0.00287628173828125
Mallows_1;0.029761904761904764;0.0020945072174072266
SP_0;0.4293154761904762;0.002657651901245117
SP_1;0.3549107142857143;0.0025551319122314453
SC_0;0.28273809523809523;0.002058744430541992
SC_1;0.25297619047619047;0.0015842914581298828
