instance_id_1;instance_id_2;distance;time
ID_0;ID_1;0.0;0.0004303455352783203
ID_0;IC_0;19.5625;0.0011179447174072266
ID_0;IC_1;19.9375;0.0009407997131347656
ID_0;Urn_0;13.0;0.0004019737243652344
ID_0;Urn_1;16.729166666666664;0.000415802001953125
ID_0;Mallows_0;9.208333333333334;0.0008943080902099609
ID_0;Mallows_1;9.3125;0.0008776187896728516
ID_0;SP_0;16.0625;0.0005636215209960938
ID_0;SP_1;15.229166666666668;0.0006260871887207031
ID_0;SC_0;11.854166666666668;0.0005128383636474609
ID_0;SC_1;11.520833333333332;0.0005123615264892578
ID_1;IC_0;19.5625;0.0010745525360107422
ID_1;IC_1;19.9375;0.0011034011840820312
ID_1;Urn_0;13.0;0.0004596710205078125
ID_1;Urn_1;16.729166666666664;0.0004878044128417969
ID_1;Mallows_0;9.208333333333334;0.0010826587677001953
ID_1;Mallows_1;9.3125;0.0010898113250732422
ID_1;SP_0;16.0625;0.0006840229034423828
ID_1;SP_1;15.229166666666668;0.000736236572265625
ID_1;SC_0;11.854166666666668;0.0005495548248291016
ID_1;SC_1;11.520833333333332;0.0005612373352050781
IC_0;IC_1;1.8125;0.0018222332000732422
IC_0;Urn_0;7.916666666666667;0.0011365413665771484
IC_0;Urn_1;4.041666666666666;0.0011143684387207031
IC_0;Mallows_0;11.333333333333334;0.0015530586242675781
IC_0;Mallows_1;11.541666666666668;0.0014884471893310547
IC_0;SP_0;6.25;0.0011293888092041016
IC_0;SP_1;6.708333333333334;0.0011696815490722656
IC_0;SC_0;9.604166666666666;0.0010221004486083984
IC_0;SC_1;9.791666666666668;0.001089334487915039
IC_1;Urn_0;8.145833333333332;0.0009951591491699219
IC_1;Urn_1;4.291666666666666;0.0009329319000244141
IC_1;Mallows_0;11.625;0.0013835430145263672
IC_1;Mallows_1;11.979166666666668;0.0013766288757324219
IC_1;SP_0;6.4375;0.0012145042419433594
IC_1;SP_1;7.0625;0.001219034194946289
IC_1;SC_0;10.020833333333332;0.0010981559753417969
IC_1;SC_1;9.958333333333334;0.0010273456573486328
Urn_0;Urn_1;6.583333333333334;0.00048041343688964844
Urn_0;Mallows_0;7.1875;0.0009436607360839844
Urn_0;Mallows_1;7.145833333333333;0.0009407997131347656
Urn_0;SP_0;7.208333333333334;0.0006260871887207031
Urn_0;SP_1;5.6875;0.0006721019744873047
Urn_0;SC_0;6.416666666666666;0.000553131103515625
Urn_0;SC_1;6.4375;0.0005521774291992188
Urn_1;Mallows_0;8.958333333333336;0.0010182857513427734
Urn_1;Mallows_1;9.3125;0.0010402202606201172
Urn_1;SP_0;7.1875;0.0007193088531494141
Urn_1;SP_1;7.020833333333334;0.0007488727569580078
Urn_1;SC_0;7.645833333333334;0.0005981922149658203
Urn_1;SC_1;7.625;0.0005981922149658203
Mallows_0;Mallows_1;1.875;0.0014767646789550781
Mallows_0;SP_0;8.833333333333334;0.0011496543884277344
Mallows_0;SP_1;7.4375;0.001161813735961914
Mallows_0;SC_0;5.916666666666668;0.0010128021240234375
Mallows_0;SC_1;5.354166666666667;0.0010218620300292969
Mallows_1;SP_0;8.854166666666666;0.0010776519775390625
Mallows_1;SP_1;7.583333333333334;0.0011911392211914062
Mallows_1;SC_0;5.583333333333334;0.0010237693786621094
Mallows_1;SC_1;5.229166666666666;0.0009944438934326172
SP_0;SP_1;2.125;0.0008263587951660156
SP_0;SC_0;7.229166666666668;0.0007021427154541016
SP_0;SC_1;7.645833333333334;0.0006926059722900391
SP_1;SC_0;6.375;0.0007390975952148438
SP_1;SC_1;6.375;0.0007452964782714844
SC_0;SC_1;3.979166666666667;0.0006093978881835938
